{"cameraMode":{"drawMode":0,"name":"Shaded","section":"Shading Mode"},"sceneLighting":true,"audioPlay":false,"sceneViewState":{"m_AlwaysRefresh":false,"showFog":true,"showSkybox":true,"showFlares":true,"showImageEffects":true,"showParticleSystems":true,"showVisualEffectGraphs":true,"m_FxEnabled":true},"in2DMode":false,"pivot":{"x":1.5124179124832154,"y":1.3694710731506348,"z":-2.262970447540283},"rotation":{"x":0.17778222262859345,"y":-0.19517962634563447,"z":0.03600097447633743,"w":0.9638500809669495},"size":0.011280317790806294,"orthographic":false}